# SYNTHETIC SAMPLE - fictional Australian audience records in a consented event-marketing shape. NOT real people and NOT licensed vendor data. Every person is fictional: emails use the reserved example.com domain (RFC 2606) and both numbers sit in the ranges the Australian regulator sets aside for fiction. Suburb, postcode, state and the ABS SA2 2021 code are real reference geography. The state mix follows the ABS Census 2021 counts of Marathi used at home (22,263 national; 9,753 NSW; 7,170 VIC). Ethnicity is sensitive information under the Privacy Act 1988 (Cth) and may only be used for direct marketing with the individual's consent (APP 7.4). Six rows carry deliberate defects and one person appears twice, so validation, quarantine and identity resolution all visibly run.
record_id,first_name,last_name,email,phone,mobile,age,state,suburb,postcode,sa2_code_2021,sa2_name_2021,ethnicity_nationality,marathi_speaking,consented_for_marketing,contact_preference,consent_timestamp,consent_source,consent_purpose,data_status
TKA-AU-00001,Meera,Shirke,meera_shirke@example.com,(03) 5550 2005,0491 579 422,52,VIC,Doncaster East,3109,207021425,Doncaster East - South,Indian,Y,Y,M,2026-05-17,Competition entry — presale ballot,Event marketing — Marathi and Indian-origin live entertainment,SYNTHETIC_SAMPLE
TKA-AU-00002,Shreya,Gadre,shreyagadre@example.com,(07) 5550 6231,0491 578 470,33,QLD,Springfield Lakes,4300,310041566,Bellbird Park,Indian,Y,Y,E,2026-06-21,Competition entry — presale ballot,Event marketing — Marathi and Indian-origin live entertainment,SYNTHETIC_SAMPLE
TKA-AU-00003,Mandar,Lele,mandarlele@example.com,(08) 5550 1001,0491 572 130,48,WA,Success,6164,507011260,Jandakot,Indian,Y,Y,M,2025-08-21,Newsletter signup — website,Event marketing — Marathi and Indian-origin live entertainment,SYNTHETIC_SAMPLE
TKA-AU-00004,Harpreet,Banerjee,harpreetbanerjee@example.com,(02) 5550 4518,0491 577 548,39,NSW,Westmead,2145,125041589,Wentworthville - Westmead,Other Indian subcontinent,N,Y,M,2025-06-27,Competition entry — presale ballot,Event marketing — Marathi and Indian-origin live entertainment,SYNTHETIC_SAMPLE
TKA-AU-00005,Amelia,Brown,amelia_brown@example.com,(02) 5550 4681,0491 573 304,34,NSW,Epping,2121,126021723,Eastwood,Australian,N,Y,M,2025-10-16,Competition entry — presale ballot,Event marketing — Marathi and Indian-origin live entertainment,SYNTHETIC_SAMPLE
TKA-AU-00006,Ananya,Phadke,ananyaphadke@example.com,(02) 5550 7272,0491 576 130,23,NSW,Girraween,2145,125041589,Wentworthville - Westmead,Indian,Y,Y,E,2025-07-01,Checkout opt-in — ticket purchase,Event marketing — Marathi and Indian-origin live entertainment,SYNTHETIC_SAMPLE
TKA-AU-00007,Liam,Taylor,liam_taylor@example.com,(08) 5550 4824,0491 577 886,42,WA,Canning Vale,6155,506041133,Canning Vale - East,Australian,N,Y,M,2026-03-19,Event waitlist form,Event marketing — Marathi and Indian-origin live entertainment,SYNTHETIC_SAMPLE
TKA-AU-00008,Sneha,Patil,snehapatil@example.com,(03) 5550 8263,0491 570 345,19,VIC,Clayton,3168,212051568,Clayton - Central,Indian,Y,N,—,2025-06-23,Consent withdrawn — unsubscribe,Event marketing — Marathi and Indian-origin live entertainment,SYNTHETIC_SAMPLE
TKA-AU-00009,Grace,Nguyen,grace.nguyen@example.com,(03) 5550 6603,0491 574 573,36,VIC,Craigieburn,3064,210051545,Roxburgh Park - North,Australian,N,Y,E,2025-10-05,Checkout opt-in — ticket purchase,Event marketing — Marathi and Indian-origin live entertainment,SYNTHETIC_SAMPLE
TKA-AU-00010,Grace,Thompson,grace_thompson@example.com,(02) 5550 9287,0491 570 896,39,NSW,Rouse Hill,2155,116021632,Schofields - East,Australian,N,Y,E,2026-03-12,Partner promoter list — permission-based,Event marketing — Marathi and Indian-origin live entertainment,SYNTHETIC_SAMPLE
TKA-AU-00011,Anushka,Kelkar,anushka_kelkar@example.com,(02) 5550 5644,0491 576 569,43,NSW,Castle Hill,2154,115011557,Castle Hill - West,Indian,Y,Y,M,2026-03-18,Venue box office — printed consent form,Event marketing — Marathi and Indian-origin live entertainment,SYNTHETIC_SAMPLE
TKA-AU-00012,Ajay,Pillai,ajaypillai@example.com,(03) 5550 6163,0491 579 745,19,VIC,Glen Waverley,3150,212051327,Wheelers Hill,Other Indian subcontinent,N,N,—,2025-12-12,Consent withdrawn — unsubscribe,Event marketing — Marathi and Indian-origin live entertainment,SYNTHETIC_SAMPLE
TKA-AU-00013,Deepa,Reddy,deepa.reddy21@example.com,(03) 5550 5506,0491 579 770,53,VIC,Officer,3809,212011550,Pakenham - North West,Other Indian subcontinent,N,Y,E,2025-10-03,Newsletter signup — website,Event marketing — Marathi and Indian-origin live entertainment,SYNTHETIC_SAMPLE
TKA-AU-00014,Sneha,Apte,snehaapte@example.com,(02) 5550 1329,0491 574 566,79,NSW,Quakers Hill,2763,116021631,Schofields (West) - Colebee,Indian,Y,Y,M,2026-03-26,Partner promoter list — permission-based,Event marketing — Marathi and Indian-origin live entertainment,SYNTHETIC_SAMPLE
TKA-AU-00015,Pooja,Sharma,poojasharma@example.com,(02) 5550 1405,0491 574 371,31,NSW,Strathfield,2135,120031681,Strathfield - West,Other Indian subcontinent,N,Y,E,2026-05-11,Event waitlist form,Event marketing — Marathi and Indian-origin live entertainment,SYNTHETIC_SAMPLE
TKA-AU-00016,Tanvi,Athavale,tanvi_athavale@example.com,(02) 5550 4995,0491 574 360,39,NSW,Schofields,2762,116021632,Schofields - East,Indian,Y,Y,E,2025-04-04,Competition entry — presale ballot,Event marketing — Marathi and Indian-origin live entertainment,SYNTHETIC_SAMPLE
TKA-AU-00017,Rucha,Shinde,rucha.shinde@example.com,(07) 5550 2386,0491 576 245,72,QLD,Sunnybank,4109,303061080,Sunnybank Hills,Indian,Y,Y,M,2026-07-31,Venue box office — printed consent form,Event marketing — Marathi and Indian-origin live entertainment,SYNTHETIC_SAMPLE
TKA-AU-00018,Rohan,Patil,rohan.patil.example.com,(02) 5550 4429,0491 570 731,43,NSW,Parramatta,2150,125041719,Rosehill - Harris Park,Indian,Y,Y,E,2025-08-10,Competition entry — presale ballot,Event marketing — Marathi and Indian-origin live entertainment,SYNTHETIC_SAMPLE
TKA-AU-00019,Lucas,Walker,lucaswalker@example.com,(03) 5550 3586,0491 571 868,45,VIC,Tarneit,3029,213051588,Truganina - South West,Other,N,Y,E,2025-11-24,Newsletter signup — website,Event marketing — Marathi and Indian-origin live entertainment,SYNTHETIC_SAMPLE
TKA-AU-00020,Tejas,Joshi,tejas.joshi@example.com,(03) 5550 7154,0491 574 214,34,VIC,Point Cook,3030,213051581,Point Cook - North West,Indian,Y,Y,E,2025-12-18,Competition entry — presale ballot,Event marketing — Marathi and Indian-origin live entertainment,SYNTHETIC_SAMPLE
TKA-AU-00021,Meera,Kulkarni,meera.kulkarni@example.com,(02) 5550 7968,0491 571 764,48,NSW,Westmead,2145,125041589,Wentworthville - Westmead,Indian,Y,Y,M,2025-03-11,Checkout opt-in — ticket purchase,Event marketing — Marathi and Indian-origin live entertainment,SYNTHETIC_SAMPLE
TKA-AU-00022,Mandar,Gadre,mandargadre@example.com,(02) 5550 3577,0491 576 720,48,NSW,Parramatta,2150,125041719,Rosehill - Harris Park,Indian,Y,Y,E,2025-04-25,Partner promoter list — permission-based,Event marketing — Marathi and Indian-origin live entertainment,SYNTHETIC_SAMPLE
TKA-AU-00023,Radhika,Dixit,radhika.dixit14@example.com,(03) 5550 2559,0491 574 173,26,VIC,Tarneit,3029,213051588,Truganina - South West,Indian,Y,Y,M,2025-09-19,Newsletter signup — website,Event marketing — Marathi and Indian-origin live entertainment,SYNTHETIC_SAMPLE
TKA-AU-00024,Kedar,Ranade,kedar_ranade@example.com,(02) 5550 5928,0491 576 163,43,NSW,Schofields,2762,116021632,Schofields - East,Indian,Y,Y,E,2026-04-30,Competition entry — presale ballot,Event marketing — Marathi and Indian-origin live entertainment,SYNTHETIC_SAMPLE
TKA-AU-00025,Ashwini,Jadhav,ashwinijadhav@example.com,(03) 5550 5206,0491 579 852,51,VIC,Point Cook,3030,213051581,Point Cook - North West,Indian,Y,Y,E,2026-08-02,Event waitlist form,Event marketing — Marathi and Indian-origin live entertainment,SYNTHETIC_SAMPLE
TKA-AU-00026,Anjali,Sethi,anjali.sethi@example.com,(02) 5550 6319,0491 570 192,57,NSW,Schofields,2762,116021632,Schofields - East,Indian,N,Y,E,2026-01-04,Competition entry — presale ballot,Event marketing — Marathi and Indian-origin live entertainment,SYNTHETIC_SAMPLE
TKA-AU-00027,Manasi,Karve,manasi.karve@example.com,(08) 5550 6048,0491 571 316,25,SA,Golden Grove,5125,402051053,Modbury Heights,Indian,Y,Y,E,2026-07-27,Event waitlist form,Event marketing — Marathi and Indian-origin live entertainment,SYNTHETIC_SAMPLE
TKA-AU-00028,Deepa,Menon,deepa_menon@example.com,(02) 5550 9531,0491 578 358,23,NSW,The Ponds,2769,116021632,Schofields - East,Other Indian subcontinent,N,Y,E,2026-04-09,Partner promoter list — permission-based,Event marketing — Marathi and Indian-origin live entertainment,SYNTHETIC_SAMPLE
TKA-AU-00029,Noah,Martin,noah.martin79@example.com,(08) 5550 6729,0491 574 560,63,WA,Harrisdale,6112,506011308,Piara Waters - Forrestdale,Other,N,Y,M,2025-04-25,Event waitlist form,Event marketing — Marathi and Indian-origin live entertainment,SYNTHETIC_SAMPLE
TKA-AU-00030,Ashwini,Kulkarni,ashwini.kulkarni68@example.com,(02) 5550 2112,0491 578 511,73,NSW,Girraween,2145,125041589,Wentworthville - Westmead,Indian,Y,Y,M,2025-10-23,Partner promoter list — permission-based,Event marketing — Marathi and Indian-origin live entertainment,SYNTHETIC_SAMPLE
TKA-AU-00031,Priya,Shinde,priya.shinde36@example.com,(03) 5550 7344,0491 571 259,30,VIC,Doncaster East,3109,207021425,Doncaster East - South,Indian,Y,N,—,2026-01-14,Consent withdrawn — unsubscribe,Event marketing — Marathi and Indian-origin live entertainment,SYNTHETIC_SAMPLE
TKA-AU-00032,Omkar,Gadre,omkargadre@example.com,(03) 5550 2922,0491 578 371,47,VIC,Werribee,3030,213051581,Point Cook - North West,Indian,Y,N,—,2025-09-06,Consent withdrawn — unsubscribe,Event marketing — Marathi and Indian-origin live entertainment,SYNTHETIC_SAMPLE
TKA-AU-00033,Priya,Chavan,priya_chavan@example.com,(03) 5550 9333,0491 572 390,31,VIC,Craigieburn,3064,210051545,Roxburgh Park - North,Indian,Y,Y,M,2025-09-07,Newsletter signup — website,Event marketing — Marathi and Indian-origin live entertainment,SYNTHETIC_SAMPLE
TKA-AU-00034,Sayali,Phadke,sayaliphadke@example.com,(02) 5550 5080,0491 579 594,32,NSW,Kellyville,2155,116021632,Schofields - East,Indian,Y,Y,E,2025-05-22,Checkout opt-in — ticket purchase,Event marketing — Marathi and Indian-origin live entertainment,SYNTHETIC_SAMPLE
TKA-AU-00035,Meera,Ranade,meera.ranade41@example.com,(03) 5550 2186,0491 576 368,45,VIC,Doncaster East,3109,207021425,Doncaster East - South,Indian,Y,Y,M,2025-12-16,Newsletter signup — website,Event marketing — Marathi and Indian-origin live entertainment,SYNTHETIC_SAMPLE
TKA-AU-00036,Pooja,Patel,poojapatel@example.com,(02) 5550 5063,0491 578 580,44,NSW,Blacktown,2148,116031318,Prospect Reservoir,Indian,N,Y,E,2026-05-06,Competition entry — presale ballot,Event marketing — Marathi and Indian-origin live entertainment,SYNTHETIC_SAMPLE
TKA-AU-00037,Sanjay,Gokhale,sanjaygokhale@example.com,(02) 5550 5754,0491 579 422,28,NSW,Marsden Park,2765,124041468,Yarramundi - Londonderry,Indian,Y,Y,M,2026-01-13,Competition entry — presale ballot,Event marketing — Marathi and Indian-origin live entertainment,SYNTHETIC_SAMPLE
TKA-AU-00038,Karan,Gupta,karangupta@example.com,(03) 5550 1253,0491 575 776,62,TAS,Kingston,7050,601041023,Kingston Beach - Blackmans Bay,Indian,N,Y,M,2026-03-19,Newsletter signup — website,Event marketing — Marathi and Indian-origin live entertainment,SYNTHETIC_SAMPLE
TKA-AU-00039,Radhika,Marathe,radhika.marathe@example.com,(02) 5550 8691,0491 579 590,47,NSW,Harris Park,2150,125041719,Rosehill - Harris Park,Indian,Y,Y,M,2026-02-06,Venue box office — printed consent form,Event marketing — Marathi and Indian-origin live entertainment,SYNTHETIC_SAMPLE
TKA-AU-00040,Vikrant,Bapat,vikrant.bapat55@example.com,(03) 5550 2990,0491 578 934,30,VIC,Werribee,3030,213051581,Point Cook - North West,Indian,Y,Y,M,2026-06-20,Checkout opt-in — ticket purchase,Event marketing — Marathi and Indian-origin live entertainment,SYNTHETIC_SAMPLE
TKA-AU-00041,Meera,More,meera_more@example.com,(02) 5550 7437,0491 574 419,33,NSW,The Ponds,2769,116021632,Schofields - East,Indian,Y,Y,M,2025-10-27,Competition entry — presale ballot,Event marketing — Marathi and Indian-origin live entertainment,SYNTHETIC_SAMPLE
TKA-AU-00042,Noah,Chen,noah.chen62@example.com,(02) 5550 5496,0491 570 856,79,NSW,Kellyville,2155,116021632,Schofields - East,Australian,N,Y,E,2025-10-25,Venue box office — printed consent form,Event marketing — Marathi and Indian-origin live entertainment,SYNTHETIC_SAMPLE
TKA-AU-00043,Vikram,Das,vikram.das34@example.com,(03) 5550 8044,0491 575 656,44,VIC,Cranbourne East,3977,214011376,Skye - Sandhurst,Other Indian subcontinent,N,Y,E,2025-09-11,Event waitlist form,Event marketing — Marathi and Indian-origin live entertainment,SYNTHETIC_SAMPLE
TKA-AU-00044,Lakshmi,Reddy,lakshmi.reddy@example.com,(02) 5550 5025,0491 572 255,40,NSW,Toongabbie,2146,125041588,Pendle Hill - Girraween,Indian,N,Y,E,2025-06-22,Checkout opt-in — ticket purchase,Event marketing — Marathi and Indian-origin live entertainment,SYNTHETIC_SAMPLE
TKA-AU-00045,Devika,Dixit,devika.dixit@example.com,(03) 5550 5955,0491 570 832,60,VIC,Werribee,3030,213051581,Point Cook - North West,Indian,Y,Y,E,2026-02-22,Event waitlist form,Event marketing — Marathi and Indian-origin live entertainment,SYNTHETIC_SAMPLE
TKA-AU-00046,Ananya,Naik,ananyanaik@example.com,(02) 5550 6075,0491 575 974,47,NSW,Epping,2121,126021723,Eastwood,Indian,Y,Y,E,2025-04-07,Newsletter signup — website,Event marketing — Marathi and Indian-origin live entertainment,SYNTHETIC_SAMPLE
TKA-AU-00047,Ishaan,Patil,ishaan.patil66@example.com,(02) 5550 9498,0491 571 536,61,NSW,Blacktown,2148,116031318,Prospect Reservoir,Indian,Y,N,—,2025-09-18,Consent withdrawn — unsubscribe,Event marketing — Marathi and Indian-origin live entertainment,SYNTHETIC_SAMPLE
TKA-AU-00048,Kedar,Jadhav,kedar_jadhav@example.com,(03) 5550 3156,0491 576 759,42,VIC,Officer,3809,212011550,Pakenham - North West,Indian,Y,Y,E,2026-03-25,Checkout opt-in — ticket purchase,Event marketing — Marathi and Indian-origin live entertainment,SYNTHETIC_SAMPLE
TKA-AU-00049,Ashwini,Athavale,ashwini_athavale@example.com,(08) 5550 1888,0491 572 618,28,SA,Golden Grove,5125,402051053,Modbury Heights,Indian,Y,Y,M,2026-04-16,Competition entry — presale ballot,Event marketing — Marathi and Indian-origin live entertainment,SYNTHETIC_SAMPLE
TKA-AU-00050,Charlotte,Martin,charlotte.martin47@example.com,(08) 5550 1340,0491 579 905,63,WA,Harrisdale,6112,506011308,Piara Waters - Forrestdale,Australian,N,Y,E,2025-11-05,Partner promoter list — permission-based,Event marketing — Marathi and Indian-origin live entertainment,SYNTHETIC_SAMPLE
TKA-AU-00051,Harpreet,Kaur,harpreet_kaur@example.com,(03) 5550 5094,0491 579 318,50,VIC,Glen Waverley,3150,212051327,Wheelers Hill,Other Indian subcontinent,N,N,—,2026-01-11,Consent withdrawn — unsubscribe,Event marketing — Marathi and Indian-origin live entertainment,SYNTHETIC_SAMPLE
TKA-AU-00052,Amol,Gokhale,amol_gokhale@example.com,(08) 5550 4939,0491 572 274,77,SA,Mawson Lakes,5095,402041172,Pooraka - Cavan,Indian,Y,Y,E,2026-02-09,Newsletter signup — website,Event marketing — Marathi and Indian-origin live entertainment,SYNTHETIC_SAMPLE
TKA-AU-00053,Aniket,Phadke,aniketphadke@example.com,(02) 5550 5115,0491 574 577,32,NSW,Parramatta,2150,125041719,Rosehill - Harris Park,Indian,Y,Y,M,2026-02-28,Event waitlist form,Event marketing — Marathi and Indian-origin live entertainment,SYNTHETIC_SAMPLE
TKA-AU-00054,Radhika,Karve,radhikakarve@example.com,(03) 5550 1218,0491 577 693,63,VIC,Rowville,3178,211011258,Rowville - South,Indian,Y,Y,E,2026-07-04,Event waitlist form,Event marketing — Marathi and Indian-origin live entertainment,SYNTHETIC_SAMPLE
TKA-AU-00055,Devika,More,devika_more@example.com,(03) 5550 4311,0491 575 358,22,VIC,Officer,3809,212011550,Pakenham - North West,Indian,Y,Y,M,2026-03-29,Event waitlist form,Event marketing — Marathi and Indian-origin live entertainment,SYNTHETIC_SAMPLE
TKA-AU-00056,Olivia,Thompson,olivia.thompson@example.com,(02) 5550 1681,0491 578 872,27,NSW,Schofields,2762,116021632,Schofields - East,Other,N,Y,M,2025-08-26,Event waitlist form,Event marketing — Marathi and Indian-origin live entertainment,SYNTHETIC_SAMPLE
TKA-AU-00057,Jack,Anderson,jackanderson@example.com,(08) 5550 6258,0491 578 924,38,WA,Success,6164,507011260,Jandakot,Other,N,N,—,2025-08-06,Consent withdrawn — unsubscribe,Event marketing — Marathi and Indian-origin live entertainment,SYNTHETIC_SAMPLE
TKA-AU-00058,Radhika,Jadhav,radhika.jadhav26@example.com,(02) 5550 9506,0491 574 971,29,NSW,Epping,2121,126021723,Eastwood,Indian,Y,Y,E,2026-01-24,Partner promoter list — permission-based,Event marketing — Marathi and Indian-origin live entertainment,SYNTHETIC_SAMPLE
TKA-AU-00059,Ishaan,Kulkarni,ishaan_kulkarni@example.com,(02) 5550 9977,0491 571 643,132,NSW,Homebush,2140,120031680,Strathfield - East,Indian,Y,Y,M,2025-05-23,Competition entry — presale ballot,Event marketing — Marathi and Indian-origin live entertainment,SYNTHETIC_SAMPLE
TKA-AU-00060,Shreya,Chavan,shreya.chavan60@example.com,(03) 5550 5986,0491 570 609,44,VIC,Mount Waverley,3149,212051324,Mount Waverley - South,Indian,Y,N,—,2026-02-24,Consent withdrawn — unsubscribe,Event marketing — Marathi and Indian-origin live entertainment,SYNTHETIC_SAMPLE
TKA-AU-00061,Emma,Nguyen,emma_nguyen@example.com,(03) 5550 7423,0491 575 389,38,VIC,Tarneit,3029,213051588,Truganina - South West,Other,N,Y,M,2025-03-02,Newsletter signup — website,Event marketing — Marathi and Indian-origin live entertainment,SYNTHETIC_SAMPLE
TKA-AU-00062,Omkar,Chavan,omkar.chavan@example.com,(03) 5550 3200,0491 575 458,36,VIC,Tarneit,3029,213051588,Truganina - South West,Indian,Y,Y,M,2026-02-04,Venue box office — printed consent form,Event marketing — Marathi and Indian-origin live entertainment,SYNTHETIC_SAMPLE
TKA-AU-00063,Sunita,Shah,sunita_shah@example.com,(02) 5550 2709,0491 575 543,27,NSW,Girraween,2145,125041589,Wentworthville - Westmead,Other Indian subcontinent,N,Y,E,2026-01-27,Competition entry — presale ballot,Event marketing — Marathi and Indian-origin live entertainment,SYNTHETIC_SAMPLE
TKA-AU-00064,Kavita,Karve,kavitakarve@example.com,(03) 5550 1214,0491 571 315,39,VIC,Mount Waverley,3149,212051324,Mount Waverley - South,Indian,Y,Y,E,2025-12-21,Partner promoter list — permission-based,Event marketing — Marathi and Indian-origin live entertainment,SYNTHETIC_SAMPLE
TKA-AU-00065,Mandar,Limaye,mandarlimaye@example.com,(02) 5550 2130,0491 571 212,25,NSW,Girraween,2145,125041589,Wentworthville - Westmead,Indian,Y,Y,M,2025-04-13,Event waitlist form,Event marketing — Marathi and Indian-origin live entertainment,SYNTHETIC_SAMPLE
TKA-AU-00066,Ishaan,Bapat,ishaan_bapat@example.com,(02) 5550 5218,0491 572 934,62,NSW,Harris Park,2150,125041719,Rosehill - Harris Park,Indian,Y,Y,E,2025-12-02,Partner promoter list — permission-based,Event marketing — Marathi and Indian-origin live entertainment,SYNTHETIC_SAMPLE
TKA-AU-00067,Neha,Marathe,nehamarathe@example.com,(02) 5550 5328,0491 575 414,49,ACT,Harrison,2914,801041122,Throsby,Indian,Y,Y,E,2026-07-31,Partner promoter list — permission-based,Event marketing — Marathi and Indian-origin live entertainment,SYNTHETIC_SAMPLE
TKA-AU-00068,Omkar,Gadre,omkar.gadre84@example.com,(03) 5550 2842,0491 579 417,22,VIC,Mount Waverley,3149,212051324,Mount Waverley - South,Indian,Y,Y,E,2025-11-08,Checkout opt-in — ticket purchase,Event marketing — Marathi and Indian-origin live entertainment,SYNTHETIC_SAMPLE
TKA-AU-00069,Vikrant,Athavale,vikrant.athavale67@example.com,(02) 5550 7564,0491 570 425,39,NSW,Kellyville,2155,116021632,Schofields - East,Indian,Y,Y,E,2025-07-30,Partner promoter list — permission-based,Event marketing — Marathi and Indian-origin live entertainment,SYNTHETIC_SAMPLE
TKA-AU-00070,Sunita,Gupta,sunita_gupta@example.com,(07) 5550 8025,0491 574 475,18,QLD,Calamvale,4116,303051075,Parkinson - Drewvale,Indian,N,Y,M,2026-03-22,Competition entry — presale ballot,Event marketing — Marathi and Indian-origin live entertainment,SYNTHETIC_SAMPLE
TKA-AU-00071,Neha,Athavale,neha.athavale@example.com,(03) 5550 6915,0491 573 865,42,VIC,Glen Waverley,3150,212051327,Wheelers Hill,Indian,Y,Y,E,2026-04-14,Competition entry — presale ballot,Event marketing — Marathi and Indian-origin live entertainment,SYNTHETIC_SAMPLE
TKA-AU-00072,Amol,Kulkarni,amol_kulkarni@example.com,(03) 5550 8799,0491 577 216,35,VIC,Cranbourne East,3977,214011376,Skye - Sandhurst,Indian,Y,N,—,2026-01-12,Consent withdrawn — unsubscribe,Event marketing — Marathi and Indian-origin live entertainment,SYNTHETIC_SAMPLE
TKA-AU-00073,Pooja,Sethi,pooja.sethi@example.com,(07) 5550 4937,0491 576 903,48,QLD,Calamvale,4116,303051075,Parkinson - Drewvale,Indian,N,Y,M,2025-05-19,Event waitlist form,Event marketing — Marathi and Indian-origin live entertainment,SYNTHETIC_SAMPLE
TKA-AU-00074,Yash,Joshi,yash.joshi80@example.com,(02) 5550 2310,0491 578 306,37,NSW,Glenwood,2768,116021633,Stanhope Gardens - Parklea,Indian,Y,Y,E,2025-09-15,Newsletter signup — website,Event marketing — Marathi and Indian-origin live entertainment,SYNTHETIC_SAMPLE
TKA-AU-00075,Gurpreet,Malhotra,gurpreet_malhotra@example.com,(03) 5550 3352,0491 572 478,31,VIC,Werribee,3030,213051581,Point Cook - North West,Other Indian subcontinent,N,N,—,2025-08-15,Consent withdrawn — unsubscribe,Event marketing — Marathi and Indian-origin live entertainment,SYNTHETIC_SAMPLE
TKA-AU-00076,Sameer,Lele,sameer_lele@example.com,(02) 5550 1412,0491 570 844,34,ACT,Franklin,2913,801041121,Taylor,Indian,Y,N,—,2026-04-22,Consent withdrawn — unsubscribe,Event marketing — Marathi and Indian-origin live entertainment,SYNTHETIC_SAMPLE
TKA-AU-00077,Pallavi,Limaye,pallavi.limaye24@example.com,(02) 5550 7206,0491 579 570,29,NSW,Kellyville,2155,116021632,Schofields - East,Indian,Y,Y,E,2025-07-29,Partner promoter list — permission-based,Event marketing — Marathi and Indian-origin live entertainment,SYNTHETIC_SAMPLE
TKA-AU-00078,Olivia,Thompson,oliviathompson@example.com,(02) 5550 5119,0491 571 460,62,NSW,Quakers Hill,2763,116021631,Schofields (West) - Colebee,Australian,N,Y,E,2025-04-27,Newsletter signup — website,Event marketing — Marathi and Indian-origin live entertainment,SYNTHETIC_SAMPLE
TKA-AU-00079,Omkar,Pawar,omkar.pawar@example.com,(03) 5550 3217,0491 571 139,47,VIC,Werribee,3030,213051581,Point Cook - North West,Indian,Y,Y,E,2026-03-14,Partner promoter list — permission-based,Event marketing — Marathi and Indian-origin live entertainment,SYNTHETIC_SAMPLE
TKA-AU-00080,Swara,Kale,swarakale@example.com,(02) 5550 9945,0491 571 127,54,NSW,Girraween,2145,125041589,Wentworthville - Westmead,Indian,Y,N,—,2025-07-20,Consent withdrawn — unsubscribe,Event marketing — Marathi and Indian-origin live entertainment,SYNTHETIC_SAMPLE
TKA-AU-00081,Yash,Limaye,yash.limaye50@example.com,(08) 5550 7201,0491 572 494,28,SA,Golden Grove,5125,402051053,Modbury Heights,Indian,Y,Y,E,2025-09-02,Event waitlist form,Event marketing — Marathi and Indian-origin live entertainment,SYNTHETIC_SAMPLE
TKA-AU-00082,Kavita,More,kavita_more@example.com,(03) 5550 6061,0491 571 916,63,VIC,Officer,3809,212011550,Pakenham - North West,Indian,Y,N,—,2025-07-22,Consent withdrawn — unsubscribe,Event marketing — Marathi and Indian-origin live entertainment,SYNTHETIC_SAMPLE
TKA-AU-00083,Aarti,Shirke,aartishirke@example.com,(03) 5550 7301,0491 573 401,32,VIC,Werribee,3030,213051581,Point Cook - North West,Indian,Y,N,—,2025-11-01,Consent withdrawn — unsubscribe,Event marketing — Marathi and Indian-origin live entertainment,SYNTHETIC_SAMPLE
TKA-AU-00084,Ketaki,Deshpande,ketaki_deshpande@example.com,(02) 5550 4266,0491 576 465,42,NSW,Wentworthville,2145,125041589,Wentworthville - Westmead,Indian,Y,Y,M,2026-04-27,Newsletter signup — website,Event marketing — Marathi and Indian-origin live entertainment,SYNTHETIC_SAMPLE
TKA-AU-00085,Henry,Smith,henry_smith@example.com,(02) 5550 5882,0491 578 659,25,NSW,Quakers Hill,2763,116021631,Schofields (West) - Colebee,Other,N,Y,M,2026-07-09,Checkout opt-in — ticket purchase,Event marketing — Marathi and Indian-origin live entertainment,SYNTHETIC_SAMPLE
TKA-AU-00086,Pooja,Nair,poojanair@example.com,(08) 5550 8294,0491 573 628,78,WA,Success,6164,507011260,Jandakot,Other Indian subcontinent,N,Y,E,2026-07-15,Venue box office — printed consent form,Event marketing — Marathi and Indian-origin live entertainment,SYNTHETIC_SAMPLE
TKA-AU-00087,Jack,Anderson,jackanderson@example.com,(03) 5550 9505,0491 571 420,26,VIC,Cranbourne East,3977,214011376,Skye - Sandhurst,Australian,N,Y,E,2025-11-26,Competition entry — presale ballot,Event marketing — Marathi and Indian-origin live entertainment,SYNTHETIC_SAMPLE
TKA-AU-00088,Devika,Deshpande,devika.deshpande@example.com,(07) 5550 5084,0491 570 445,29,QLD,Springfield Lakes,4300,310041566,Bellbird Park,Indian,Y,Y,M,2026-06-10,Competition entry — presale ballot,Event marketing — Marathi and Indian-origin live entertainment,SYNTHETIC_SAMPLE
TKA-AU-00089,Gauri,Gadre,gauri.gadre46@example.com,(02) 5550 2773,0491 574 405,42,NSW,Parramatta,2150,125041719,Rosehill - Harris Park,Indian,Y,Y,E,2025-12-30,Event waitlist form,Event marketing — Marathi and Indian-origin live entertainment,SYNTHETIC_SAMPLE
TKA-AU-00090,Kiran,Chopra,kiran.chopra@example.com,(03) 5550 3962,0491 578 178,30,VIC,Wyndham Vale,3024,213051590,Wyndham Vale - South,Other Indian subcontinent,N,Y,E,2025-10-11,Newsletter signup — website,Event marketing — Marathi and Indian-origin live entertainment,SYNTHETIC_SAMPLE
TKA-AU-00091,Jack,Anderson,jackanderson@example.com,(03) 5550 7381,0491 573 536,30,VIC,Berwick,3806,212021554,Berwick - South West,Australian,N,Y,M,2025-06-17,Venue box office — printed consent form,Event marketing — Marathi and Indian-origin live entertainment,SYNTHETIC_SAMPLE
TKA-AU-00092,Swara,Rane,swararane@example.com,(08) 5550 9666,0491 573 648,27,WA,Harrisdale,6112,506011308,Piara Waters - Forrestdale,Indian,Y,Y,E,2026-02-11,Checkout opt-in — ticket purchase,Event marketing — Marathi and Indian-origin live entertainment,SYNTHETIC_SAMPLE
TKA-AU-00093,Anjali,Nair,anjali_nair@example.com,(03) 5550 4300,0491 571 510,42,VIC,Berwick,3806,212021554,Berwick - South West,Indian,N,N,—,2026-06-14,Consent withdrawn — unsubscribe,Event marketing — Marathi and Indian-origin live entertainment,SYNTHETIC_SAMPLE
TKA-AU-00094,Sneha,Bhosale,sneha.bhosale@example.com,(07) 5550 5873,0491 578 285,40,XX,Runcorn,4113,303061078,Runcorn,Indian,Y,N,—,2025-10-23,Consent withdrawn — unsubscribe,Event marketing — Marathi and Indian-origin live entertainment,SYNTHETIC_SAMPLE
TKA-AU-00095,Manasi,Dixit,manasidixit@example.com,(02) 5550 4730,0491 571 849,20,NSW,Glenwood,2768,116021633,Stanhope Gardens - Parklea,Indian,Y,Y,E,2025-06-21,Partner promoter list — permission-based,Event marketing — Marathi and Indian-origin live entertainment,SYNTHETIC_SAMPLE
TKA-AU-00096,Ajay,Banerjee,ajay.banerjee20@example.com,(02) 5550 8674,0491 579 105,30,NSW,Glenwood,2768,116021633,Stanhope Gardens - Parklea,Indian,N,Y,E,2025-08-21,Event waitlist form,Event marketing — Marathi and Indian-origin live entertainment,SYNTHETIC_SAMPLE
TKA-AU-00097,Meera,Chavan,meera.chavan@example.com,(02) 5550 2671,0491 573 325,49,NSW,Kellyville,2155,116021632,Schofields - East,Indian,Y,Y,E,2025-11-16,Newsletter signup — website,Event marketing — Marathi and Indian-origin live entertainment,SYNTHETIC_SAMPLE
TKA-AU-00098,Noah,Thompson,noahthompson@example.com,(03) 5550 2006,0491 579 231,18,VIC,Wyndham Vale,3024,213051590,Wyndham Vale - South,Australian,N,Y,E,2025-09-30,Checkout opt-in — ticket purchase,Event marketing — Marathi and Indian-origin live entertainment,SYNTHETIC_SAMPLE
TKA-AU-00099,Amol,Vaidya,amol.vaidya@example.com,(03) 5550 8252,0491 575 589,38,VIC,Berwick,3806,212021554,Berwick - South West,Indian,Y,Y,E,2025-08-20,Venue box office — printed consent form,Event marketing — Marathi and Indian-origin live entertainment,SYNTHETIC_SAMPLE
TKA-AU-00100,Divya,Banerjee,divya.banerjee@example.com,(02) 5550 4257,0491 576 938,24,ACT,Franklin,2913,801041121,Taylor,Indian,N,N,—,2026-07-16,Consent withdrawn — unsubscribe,Event marketing — Marathi and Indian-origin live entertainment,SYNTHETIC_SAMPLE
TKA-AU-00101,Pooja,Das,poojadas@example.com,(02) 5550 4282,0491 577 860,35,NSW,Wentworthville,2145,125041589,Wentworthville - Westmead,Indian,N,Y,E,2026-05-23,Partner promoter list — permission-based,Event marketing — Marathi and Indian-origin live entertainment,SYNTHETIC_SAMPLE
TKA-AU-00102,Noah,Walker,noahwalker@example.com,(02) 5550 1838,0491 576 170,44,NSW,Marsden Park,2765,124041468,Yarramundi - Londonderry,Other,N,N,—,2025-11-08,Consent withdrawn — unsubscribe,Event marketing — Marathi and Indian-origin live entertainment,SYNTHETIC_SAMPLE
TKA-AU-00103,Jack,Smith,jack.smith44@example.com,(02) 5550 9368,0491 570 948,50,ACT,Harrison,2914,801041122,Throsby,Australian,N,Y,E,2025-08-09,Venue box office — printed consent form,Event marketing — Marathi and Indian-origin live entertainment,SYNTHETIC_SAMPLE
TKA-AU-00104,Ishaan,Kelkar,ishaankelkar@example.com,(03) 5550 4628,0491 575 410,30,VIC,Rowville,3178,211011258,Rowville - South,Indian,Y,Y,E,2025-09-18,Checkout opt-in — ticket purchase,Event marketing — Marathi and Indian-origin live entertainment,SYNTHETIC_SAMPLE
TKA-AU-00105,Gauri,Gokhale,gaurigokhale@example.com,(03) 5550 6122,0491 571 207,64,VIC,Doncaster East,3109,207021425,Doncaster East - South,Indian,Y,N,—,2026-03-31,Consent withdrawn — unsubscribe,Event marketing — Marathi and Indian-origin live entertainment,SYNTHETIC_SAMPLE
TKA-AU-00106,Suresh,Rao,suresh.rao@example.com,(02) 5550 1909,0491 572 946,22,NSW,Kellyville,2155,116021632,Schofields - East,Indian,N,Y,E,2026-05-02,Newsletter signup — website,Event marketing — Marathi and Indian-origin live entertainment,SYNTHETIC_SAMPLE
TKA-AU-00107,Chinmay,Kelkar,chinmaykelkar@example.com,(03) 5550 1750,0491 577 706,25,VIC,Werribee,3030,213051581,Point Cook - North West,Indian,Y,N,—,2026-01-05,Consent withdrawn — unsubscribe,Event marketing — Marathi and Indian-origin live entertainment,SYNTHETIC_SAMPLE
TKA-AU-00108,Mrunal,Ranade,mrunal.ranade8@example.com,(03) 5550 5951,0491 575 304,72,VIC,Wyndham Vale,3024,213051590,Wyndham Vale - South,Indian,Y,Y,E,2026-01-27,Newsletter signup — website,Event marketing — Marathi and Indian-origin live entertainment,SYNTHETIC_SAMPLE
TKA-AU-00109,Ninad,Bhosale,ninadbhosale@example.com,(02) 5550 3376,0491 570 694,44,NSW,Marsden Park,2765,124041468,Yarramundi - Londonderry,Indian,Y,Y,E,2025-12-01,Partner promoter list — permission-based,Event marketing — Marathi and Indian-origin live entertainment,SYNTHETIC_SAMPLE
TKA-AU-00110,Ishaan,Joshi,ishaan_joshi@example.com,(07) 5550 2762,0491 579 715,38,QLD,Runcorn,4113,303061078,Runcorn,Indian,Y,Y,E,2025-04-27,Event waitlist form,Event marketing — Marathi and Indian-origin live entertainment,SYNTHETIC_SAMPLE
TKA-AU-00111,Manish,Sethi,manish.sethi@example.com,(03) 5550 5094,0491 571 622,43,VIC,Berwick,3806,212021554,Berwick - South West,Indian,N,Y,E,2025-06-08,Event waitlist form,Event marketing — Marathi and Indian-origin live entertainment,SYNTHETIC_SAMPLE
TKA-AU-00112,Karan,Iyer,karan.iyer11@example.com,(02) 5550 6157,0491 574 522,29,NSW,The Ponds,2769,116021632,Schofields - East,Indian,N,Y,E,2026-04-01,Venue box office — printed consent form,Event marketing — Marathi and Indian-origin live entertainment,SYNTHETIC_SAMPLE
TKA-AU-00113,Swara,Gadre,swara.gadre83@example.com,(02) 5550 7213,0491 574 205,20,NSW,Quakers Hill,2763,116021631,Schofields (West) - Colebee,Indian,Y,Y,E,2026-03-03,Partner promoter list — permission-based,Event marketing — Marathi and Indian-origin live entertainment,SYNTHETIC_SAMPLE
TKA-AU-00114,Anjali,Gupta,anjali_gupta@example.com,(08) 5550 5608,0491 577 991,66,WA,Harrisdale,6112,506011308,Piara Waters - Forrestdale,Indian,N,Y,E,2025-03-13,Partner promoter list — permission-based,Event marketing — Marathi and Indian-origin live entertainment,SYNTHETIC_SAMPLE
TKA-AU-00115,Simran,Sharma,simransharma@example.com,(02) 5550 7165,0491 576 690,43,NSW,Harris Park,2150,125041719,Rosehill - Harris Park,Other Indian subcontinent,N,N,—,2026-06-01,Consent withdrawn — unsubscribe,Event marketing — Marathi and Indian-origin live entertainment,SYNTHETIC_SAMPLE
TKA-AU-00116,Priya,Ranade,priya.ranade@example.com,(03) 5550 7222,0491 574 294,31,VIC,Point Cook,3030,213051581,Point Cook - North West,Indian,Y,Y,E,2025-09-25,Checkout opt-in — ticket purchase,Event marketing — Marathi and Indian-origin live entertainment,SYNTHETIC_SAMPLE
TKA-AU-00117,Nikhil,Apte,nikhilapte@example.com,(03) 5550 1772,0491 576 622,37,VIC,Truganina,3029,213051588,Truganina - South West,Indian,Y,Y,E,2026-03-30,Venue box office — printed consent form,Event marketing — Marathi and Indian-origin live entertainment,SYNTHETIC_SAMPLE
TKA-AU-00118,Sneha,Gokhale,sneha.gokhale68@example.com,(07) 5550 6720,0491 579 235,36,QLD,Runcorn,4113,303061078,Runcorn,Indian,Y,Y,E,2026-05-16,Newsletter signup — website,Event marketing — Marathi and Indian-origin live entertainment,SYNTHETIC_SAMPLE
TKA-AU-00119,Suresh,Reddy,suresh_reddy@example.com,(03) 5550 7821,0491 571 508,23,VIC,Mount Waverley,3149,212051324,Mount Waverley - South,Other Indian subcontinent,N,Y,E,2026-02-13,Newsletter signup — website,Event marketing — Marathi and Indian-origin live entertainment,SYNTHETIC_SAMPLE
TKA-AU-00120,Neha,Jadhav,neha.jadhav51@example.com,(03) 5550 1420,0491 575 203,39,VIC,Glen Waverley,3150,212051327,Wheelers Hill,Indian,Y,Y,E,2026-03-27,Newsletter signup — website,Event marketing — Marathi and Indian-origin live entertainment,SYNTHETIC_SAMPLE
TKA-AU-00121,Pooja,Iyer,poojaiyer@example.com,(07) 5550 2049,0491 572 860,36,QLD,Runcorn,4113,303061078,Runcorn,Other Indian subcontinent,N,Y,E,2026-04-11,Checkout opt-in — ticket purchase,Event marketing — Marathi and Indian-origin live entertainment,SYNTHETIC_SAMPLE
TKA-AU-00122,Karan,Gupta,karan_gupta@example.com,(03) 5550 3613,0491 572 887,42,VIC,Wyndham Vale,3024,213051590,Wyndham Vale - South,Other Indian subcontinent,N,Y,M,2026-03-20,Competition entry — presale ballot,Event marketing — Marathi and Indian-origin live entertainment,SYNTHETIC_SAMPLE
TKA-AU-00123,Rucha,Shirke,rucha.shirke14@example.com,(08) 5550 2296,0491 573 992,45,SA,Golden Grove,5125,402051053,Modbury Heights,Indian,Y,Y,M,2025-10-12,Venue box office — printed consent form,Event marketing — Marathi and Indian-origin live entertainment,SYNTHETIC_SAMPLE
TKA-AU-00124,Grace,Chen,gracechen@example.com,(02) 5550 6437,0491 574 623,40,NSW,Rouse Hill,2155,116021632,Schofields - East,Australian,N,Y,M,2025-07-19,Competition entry — presale ballot,Event marketing — Marathi and Indian-origin live entertainment,SYNTHETIC_SAMPLE
TKA-AU-00125,Rohan,Shinde,rohan.shinde32@example.com,(02) 5550 7282,0491 571 910,19,ACT,Franklin,2913,801041121,Taylor,Indian,Y,Y,E,2025-04-04,Competition entry — presale ballot,Event marketing — Marathi and Indian-origin live entertainment,SYNTHETIC_SAMPLE
TKA-AU-00126,Rohan,Athavale,rohan.athavale26@example.com,(03) 5550 4215,0491 577 548,36,VIC,Point Cook,3030,213051581,Point Cook - North West,Indian,Y,Y,E,2026-06-07,Venue box office — printed consent form,Event marketing — Marathi and Indian-origin live entertainment,SYNTHETIC_SAMPLE
TKA-AU-00127,Rucha,More,rucha.more@example.com,(07) 5550 3511,49157 0421,26,QLD,Runcorn,4113,303061078,Runcorn,Indian,Y,Y,E,2025-09-07,Checkout opt-in — ticket purchase,Event marketing — Marathi and Indian-origin live entertainment,SYNTHETIC_SAMPLE
TKA-AU-00128,Ajay,Das,ajay.das20@example.com,(03) 5550 2713,0491 579 615,48,VIC,Clayton,3168,212051568,Clayton - Central,Indian,N,Y,M,2026-06-05,Partner promoter list — permission-based,Event marketing — Marathi and Indian-origin live entertainment,SYNTHETIC_SAMPLE
TKA-AU-00129,Sunita,Sharma,sunita.sharma23@example.com,(07) 5550 2618,0491 572 244,25,QLD,Springfield Lakes,4300,310041566,Bellbird Park,Other Indian subcontinent,N,N,—,2025-08-20,Consent withdrawn — unsubscribe,Event marketing — Marathi and Indian-origin live entertainment,SYNTHETIC_SAMPLE
TKA-AU-00130,Vikram,Banerjee,vikram.banerjee36@example.com,(03) 5550 7369,0491 579 135,31,VIC,Mickleham,3064,210051545,Roxburgh Park - North,Other Indian subcontinent,N,Y,M,2025-04-18,Competition entry — presale ballot,Event marketing — Marathi and Indian-origin live entertainment,SYNTHETIC_SAMPLE
TKA-AU-00131,Ishaan,Phadke,ishaanphadke@example.com,(02) 5550 1911,0491 570 749,53,NSW,Wentworthville,2145,125041589,Wentworthville - Westmead,Indian,Y,Y,M,2025-04-10,Event waitlist form,Event marketing — Marathi and Indian-origin live entertainment,SYNTHETIC_SAMPLE
TKA-AU-00132,Sophie,Nguyen,sophie_nguyen@example.com,(03) 5550 6044,0491 578 469,31,VIC,Doncaster East,3109,207021425,Doncaster East - South,Other,N,Y,E,2026-07-09,Checkout opt-in — ticket purchase,Event marketing — Marathi and Indian-origin live entertainment,SYNTHETIC_SAMPLE
TKA-AU-00133,Karan,Rao,karanrao@example.com,(08) 5550 7905,0491 579 116,26,WA,Harrisdale,6112,506011308,Piara Waters - Forrestdale,Other Indian subcontinent,N,Y,E,2026-07-14,Checkout opt-in — ticket purchase,Event marketing — Marathi and Indian-origin live entertainment,SYNTHETIC_SAMPLE
TKA-AU-00134,Kavita,Deshpande,kavita.deshpande@example.com,(02) 5550 3173,0491 575 128,40,NSW,Harris Park,2150,125041719,Rosehill - Harris Park,Indian,Y,Y,E,2026-06-10,Competition entry — presale ballot,Event marketing — Marathi and Indian-origin live entertainment,SYNTHETIC_SAMPLE
TKA-AU-00135,Karan,Patel,karan_patel@example.com,(03) 5550 1431,0491 570 239,18,VIC,Wyndham Vale,3024,213051590,Wyndham Vale - South,Other Indian subcontinent,N,Y,E,2025-04-09,Venue box office — printed consent form,Event marketing — Marathi and Indian-origin live entertainment,SYNTHETIC_SAMPLE
TKA-AU-00136,Ninad,Kulkarni,ninad_kulkarni@example.com,(03) 5550 7652,0491 576 203,62,VIC,Berwick,3806,212021554,Berwick - South West,Indian,Y,Y,M,2026-04-20,Venue box office — printed consent form,Event marketing — Marathi and Indian-origin live entertainment,SYNTHETIC_SAMPLE
TKA-AU-00137,Divya,Singh,divya.singh@example.com,(03) 5550 2753,0491 573 954,24,VIC,Glen Waverley,3150,212051327,Wheelers Hill,Other Indian subcontinent,N,Y,M,2026-07-16,Checkout opt-in — ticket purchase,Event marketing — Marathi and Indian-origin live entertainment,SYNTHETIC_SAMPLE
TKA-AU-00138,Jack,Thompson,jack_thompson@example.com,(08) 5550 3007,0491 575 861,22,WA,Harrisdale,6112,506011308,Piara Waters - Forrestdale,Australian,N,N,—,2025-03-02,Consent withdrawn — unsubscribe,Event marketing — Marathi and Indian-origin live entertainment,SYNTHETIC_SAMPLE
TKA-AU-00139,Nikhil,Athavale,nikhil.athavale@example.com,(02) 5550 9936,0491 572 717,27,NSW,Epping,2121,126021723,Eastwood,Indian,Y,N,—,2025-12-30,Consent withdrawn — unsubscribe,Event marketing — Marathi and Indian-origin live entertainment,SYNTHETIC_SAMPLE
TKA-AU-00140,Sophie,Chen,sophie.chen58@example.com,(02) 5550 9459,0491 578 337,25,NSW,Wentworthville,2145,125041589,Wentworthville - Westmead,Other,N,Y,M,2025-08-29,Partner promoter list — permission-based,Event marketing — Marathi and Indian-origin live entertainment,SYNTHETIC_SAMPLE
TKA-AU-00141,Arjun,Shah,arjunshah@example.com,(07) 5550 7905,0491 576 798,38,QLD,Springfield Lakes,4300,310041566,Bellbird Park,Indian,N,N,—,2025-07-13,Consent withdrawn — unsubscribe,Event marketing — Marathi and Indian-origin live entertainment,SYNTHETIC_SAMPLE
TKA-AU-00142,Ninad,Kelkar,ninad.kelkar@example.com,(07) 5550 2740,0491 573 310,58,QLD,Runcorn,4113,303061078,Runcorn,Indian,Y,Y,E,2025-07-26,Partner promoter list — permission-based,Event marketing — Marathi and Indian-origin live entertainment,SYNTHETIC_SAMPLE
TKA-AU-00143,Aniket,Naik,aniketnaik@example.com,(02) 5550 2140,0491 572 275,28,NSW,Girraween,2145,125041589,Wentworthville - Westmead,Indian,Y,N,—,2025-09-05,Consent withdrawn — unsubscribe,Event marketing — Marathi and Indian-origin live entertainment,SYNTHETIC_SAMPLE
TKA-AU-00144,Tejas,Athavale,tejas.athavale11@example.com,(02) 5550 5176,0491 573 567,21,NSW,Marsden Park,2765,124041468,Yarramundi - Londonderry,Indian,Y,N,—,2025-09-15,Consent withdrawn — unsubscribe,Event marketing — Marathi and Indian-origin live entertainment,SYNTHETIC_SAMPLE
TKA-AU-00145,Swara,Gadre,swara.gadre60@example.com,(03) 5550 3699,0491 575 213,43,VIC,Werribee,3030,213051581,Point Cook - North West,Indian,Y,Y,E,2026-03-22,Partner promoter list — permission-based,Event marketing — Marathi and Indian-origin live entertainment,SYNTHETIC_SAMPLE
TKA-AU-00146,Liam,Taylor,liam.taylor52@example.com,(02) 5550 4102,0491 572 131,64,NSW,Rouse Hill,2155,116021632,Schofields - East,Australian,N,Y,E,2026-05-27,Newsletter signup — website,Event marketing — Marathi and Indian-origin live entertainment,SYNTHETIC_SAMPLE
TKA-AU-00147,Kedar,Marathe,kedar.marathe36@example.com,(08) 5550 4225,0491 575 240,34,WA,Baldivis,6171,507051313,Baldivis - South,Indian,Y,Y,E,2025-04-09,Venue box office — printed consent form,Event marketing — Marathi and Indian-origin live entertainment,SYNTHETIC_SAMPLE
TKA-AU-00148,Chinmay,Shirke,chinmayshirke@example.com,(02) 5550 6246,0491 574 823,62,NSW,Harris Park,2150,125041719,Rosehill - Harris Park,Indian,Y,Y,E,2025-04-02,Event waitlist form,Event marketing — Marathi and Indian-origin live entertainment,SYNTHETIC_SAMPLE
TKA-AU-00149,Aniket,Ranade,aniketranade@example.com,(07) 5550 5181,0491 578 156,41,QLD,Runcorn,4113,303061078,Runcorn,Indian,Y,Y,E,2025-06-09,Event waitlist form,Event marketing — Marathi and Indian-origin live entertainment,SYNTHETIC_SAMPLE
TKA-AU-00150,Gurpreet,Iyer,gurpreetiyer@example.com,(02) 5550 4792,0491 579 913,73,NSW,Epping,2121,126021723,Eastwood,Indian,N,Y,E,2026-01-22,Checkout opt-in — ticket purchase,Event marketing — Marathi and Indian-origin live entertainment,SYNTHETIC_SAMPLE
TKA-AU-00151,Jack,Taylor,jacktaylor@example.com,(02) 5550 6004,0491 576 362,45,NSW,Homebush,2140,120031680,Strathfield - East,Australian,N,Y,E,2026-04-06,Newsletter signup — website,Event marketing — Marathi and Indian-origin live entertainment,SYNTHETIC_SAMPLE
TKA-AU-00152,Nikhil,Ranade,nikhil.ranade50@example.com,(03) 5550 9219,0491 574 446,32,VIC,Cranbourne East,3977,214011376,Skye - Sandhurst,Indian,Y,Y,M,2026-07-19,Partner promoter list — permission-based,Event marketing — Marathi and Indian-origin live entertainment,SYNTHETIC_SAMPLE
TKA-AU-00153,Sanjay,Gadre,sanjay.gadre71@example.com,(02) 5550 8353,0491 577 434,21,NSW,Quakers Hill,2763,116021631,Schofields (West) - Colebee,Indian,Y,Y,E,2026-05-12,Venue box office — printed consent form,Event marketing — Marathi and Indian-origin live entertainment,SYNTHETIC_SAMPLE
TKA-AU-00154,Grace,Anderson,grace_anderson@example.com,(02) 5550 1141,0491 570 850,28,NSW,Epping,2121,126021723,Eastwood,Other,N,Y,E,2025-12-13,Checkout opt-in — ticket purchase,Event marketing — Marathi and Indian-origin live entertainment,SYNTHETIC_SAMPLE
TKA-AU-00155,Lakshmi,Krishnan,lakshmi.krishnan87@example.com,(08) 5550 4906,0491 573 943,31,WA,Canning Vale,6155,506041133,Canning Vale - East,Indian,N,Y,E,2026-07-10,Venue box office — printed consent form,Event marketing — Marathi and Indian-origin live entertainment,SYNTHETIC_SAMPLE
TKA-AU-00156,Divya,Mehta,divyamehta@example.com,(02) 5550 5017,0491 574 537,56,NSW,Kellyville,2155,116021632,Schofields - East,Other Indian subcontinent,N,Y,E,2025-12-03,Partner promoter list — permission-based,Event marketing — Marathi and Indian-origin live entertainment,SYNTHETIC_SAMPLE
TKA-AU-00157,Sneha,Joshi,sneha.joshi@example.com,(02) 5550 1875,0491 573 919,42,NSW,Quakers Hill,2763,116021631,Schofields (West) - Colebee,Indian,Y,Y,E,2025-07-17,Checkout opt-in — ticket purchase,Event marketing — Marathi and Indian-origin live entertainment,SYNTHETIC_SAMPLE
TKA-AU-00158,Thomas,Anderson,thomas.anderson41@example.com,(02) 5550 5472,0491 571 507,54,NSW,Rouse Hill,2155,116021632,Schofields - East,Australian,N,Y,E,2026-06-13,Partner promoter list — permission-based,Event marketing — Marathi and Indian-origin live entertainment,SYNTHETIC_SAMPLE
TKA-AU-00159,Rohan,Chavan,rohan.chavan@example.com,(02) 5550 1753,0491 576 720,28,NSW,Westmead,2145,125041589,Wentworthville - Westmead,Indian,Y,Y,E,2026-02-26,Checkout opt-in — ticket purchase,Event marketing — Marathi and Indian-origin live entertainment,SYNTHETIC_SAMPLE
TKA-AU-00160,Neha,Deshpande,nehadeshpande@example.com,(02) 5550 9452,0491 576 828,35,NSW,Quakers Hill,2763,116021631,Schofields (West) - Colebee,Indian,Y,Y,E,2025-06-15,Partner promoter list — permission-based,Event marketing — Marathi and Indian-origin live entertainment,SYNTHETIC_SAMPLE
TKA-AU-00161,Girish,Chavan,girishchavan@example.com,(03) 5550 4147,0491 579 446,34,VIC,Doncaster East,3109,207021425,Doncaster East - South,Indian,Y,Y,M,2026-06-13,Venue box office — printed consent form,Event marketing — Marathi and Indian-origin live entertainment,SYNTHETIC_SAMPLE
TKA-AU-00162,Sneha,Jadhav,sneha.jadhav25@example.com,(02) 5550 5357,0491 578 322,27,NSW,Homebush,2140,120031680,Strathfield - East,Indian,Y,Y,M,2025-11-01,Venue box office — printed consent form,Event marketing — Marathi and Indian-origin live entertainment,SYNTHETIC_SAMPLE
TKA-AU-00163,Sayali,Joshi,sayali.joshi@example.com,(02) 5550 9330,0491 576 334,73,NSW,Parramatta,2150,125041719,Rosehill - Harris Park,Indian,Y,Y,M,2026-05-07,Event waitlist form,Event marketing — Marathi and Indian-origin live entertainment,SYNTHETIC_SAMPLE
TKA-AU-00164,Arjun,Mehta,arjun.mehta@example.com,(03) 5550 2978,0491 576 272,56,VIC,Cranbourne East,3977,214011376,Skye - Sandhurst,Other Indian subcontinent,N,Y,E,2025-06-22,Checkout opt-in — ticket purchase,Event marketing — Marathi and Indian-origin live entertainment,SYNTHETIC_SAMPLE
TKA-AU-00165,Thomas,Walker,thomas.walker@example.com,(02) 5550 6835,0491 574 397,55,NSW,Castle Hill,302,115011557,Castle Hill - West,Other,N,N,—,2025-03-21,Consent withdrawn — unsubscribe,Event marketing — Marathi and Indian-origin live entertainment,SYNTHETIC_SAMPLE
TKA-AU-00166,Anjali,Pillai,anjali.pillai@example.com,(03) 5550 9874,0491 571 270,46,VIC,Craigieburn,3064,210051545,Roxburgh Park - North,Other Indian subcontinent,N,Y,E,2026-03-19,Competition entry — presale ballot,Event marketing — Marathi and Indian-origin live entertainment,SYNTHETIC_SAMPLE
TKA-AU-00167,Neha,Chavan,neha.chavan@example.com,(02) 5550 3759,0491 572 112,44,NSW,Blacktown,2148,116031318,Prospect Reservoir,Indian,Y,Y,E,2026-01-22,Event waitlist form,Event marketing — Marathi and Indian-origin live entertainment,SYNTHETIC_SAMPLE
TKA-AU-00168,Aditya,Deshpande,aditya.deshpande32@example.com,(03) 5550 4237,0491 573 716,28,VIC,Berwick,3806,212021554,Berwick - South West,Indian,Y,Y,M,2025-12-03,Checkout opt-in — ticket purchase,Event marketing — Marathi and Indian-origin live entertainment,SYNTHETIC_SAMPLE
TKA-AU-00169,Kedar,Naik,kedar_naik@example.com,(03) 5550 6530,0491 571 108,56,VIC,Mickleham,3064,210051545,Roxburgh Park - North,Indian,Y,Y,E,2026-07-21,Competition entry — presale ballot,Event marketing — Marathi and Indian-origin live entertainment,SYNTHETIC_SAMPLE
TKA-AU-00170,Tejas,Jadhav,tejasjadhav@example.com,(08) 5550 4848,0491 572 952,34,SA,Salisbury,5108,402041048,Salisbury North,Indian,Y,Y,E,2026-02-19,Venue box office — printed consent form,Event marketing — Marathi and Indian-origin live entertainment,SYNTHETIC_SAMPLE
TKA-AU-00171,Noah,Taylor,noah.taylor@example.com,(07) 5550 8305,0491 575 662,35,QLD,Springfield Lakes,4300,310041566,Bellbird Park,Other,N,Y,E,2025-11-03,Event waitlist form,Event marketing — Marathi and Indian-origin live entertainment,SYNTHETIC_SAMPLE
TKA-AU-00172,Manish,Kaur,manishkaur@example.com,(07) 5550 4417,0491 575 759,40,QLD,Calamvale,4116,303051075,Parkinson - Drewvale,Other Indian subcontinent,N,Y,E,2025-11-11,Event waitlist form,Event marketing — Marathi and Indian-origin live entertainment,SYNTHETIC_SAMPLE
TKA-AU-00173,Rohan,Athavale,rohanathavale@example.com,(08) 5550 4219,0491 571 344,21,WA,Success,6164,507011260,Jandakot,Indian,Y,Y,E,2025-05-15,Event waitlist form,Event marketing — Marathi and Indian-origin live entertainment,SYNTHETIC_SAMPLE
TKA-AU-00174,Chinmay,Shirke,chinmay.shirke@example.com,(03) 5550 9040,0491 574 737,28,VIC,Tarneit,3029,213051588,Truganina - South West,Indian,Y,Y,E,2026-04-03,Checkout opt-in — ticket purchase,Event marketing — Marathi and Indian-origin live entertainment,SYNTHETIC_SAMPLE
TKA-AU-00175,Aarti,Gokhale,aarti.gokhale@example.com,(02) 5550 3754,0491 577 664,54,NSW,The Ponds,2769,116021632,Schofields - East,Indian,Y,Y,M,2025-03-03,Event waitlist form,Event marketing — Marathi and Indian-origin live entertainment,SYNTHETIC_SAMPLE
TKA-AU-00176,Lakshmi,Chopra,lakshmi_chopra@example.com,(07) 5550 4988,0491 572 836,36,QLD,Sunnybank,4109,303061080,Sunnybank Hills,Other Indian subcontinent,N,Y,E,2025-10-12,Checkout opt-in — ticket purchase,Event marketing — Marathi and Indian-origin live entertainment,SYNTHETIC_SAMPLE
TKA-AU-00177,Rahul,Malhotra,rahulmalhotra@example.com,(03) 5550 5679,0491 571 894,55,VIC,Mount Waverley,3149,212051324,Mount Waverley - South,Indian,N,Y,E,2025-12-16,Competition entry — presale ballot,Event marketing — Marathi and Indian-origin live entertainment,SYNTHETIC_SAMPLE
TKA-AU-00178,Sayali,Apte,sayali_apte@example.com,(03) 5550 5066,0491 579 373,35,VIC,Mickleham,3064,210051545,Roxburgh Park - North,Indian,Y,N,—,2025-09-08,Consent withdrawn — unsubscribe,Event marketing — Marathi and Indian-origin live entertainment,SYNTHETIC_SAMPLE
TKA-AU-00179,Kavita,Athavale,kavitaathavale@example.com,(07) 5550 7147,0491 577 759,73,QLD,Springfield Lakes,4300,310041566,Bellbird Park,Indian,Y,N,—,2025-05-31,Consent withdrawn — unsubscribe,Event marketing — Marathi and Indian-origin live entertainment,SYNTHETIC_SAMPLE
TKA-AU-00180,Aarti,Ranade,aarti.ranade12@example.com,(07) 5550 3286,0491 578 429,52,QLD,Calamvale,4116,303051075,Parkinson - Drewvale,Indian,Y,N,—,2026-07-24,Consent withdrawn — unsubscribe,Event marketing — Marathi and Indian-origin live entertainment,SYNTHETIC_SAMPLE
TKA-AU-00181,Mandar,Deshpande,mandar.deshpande@example.com,(02) 5550 2129,0491 576 343,20,NSW,Schofields,2762,116021632,Schofields - East,Indian,Y,Y,M,2026-05-06,Venue box office — printed consent form,Event marketing — Marathi and Indian-origin live entertainment,SYNTHETIC_SAMPLE
TKA-AU-00182,Priya,Pawar,priyapawar@example.com,(08) 5550 3927,0491 572 792,40,WA,Success,6164,507011260,Jandakot,Indian,Y,Y,E,2026-06-25,Newsletter signup — website,Event marketing — Marathi and Indian-origin live entertainment,SYNTHETIC_SAMPLE
TKA-AU-00183,Sanjay,Patil,sanjay_patil@example.com,(08) 5550 7691,0491 578 517,63,WA,Baldivis,6171,507051313,Baldivis - South,Indian,Y,Y,E,2025-12-05,Event waitlist form,Event marketing — Marathi and Indian-origin live entertainment,SYNTHETIC_SAMPLE
TKA-AU-00184,Aarti,Rane,aarti_rane@example.com,(07) 5550 9393,0491 577 574,19,QLD,Springfield Lakes,4300,310041566,Bellbird Park,Indian,Y,Y,M,2026-02-23,Event waitlist form,Event marketing — Marathi and Indian-origin live entertainment,SYNTHETIC_SAMPLE
TKA-AU-00185,Amol,Marathe,amol.marathe@example.com,(03) 5550 7463,0491 570 106,50,VIC,Mickleham,3064,210051545,Roxburgh Park - North,Indian,Y,Y,M,2026-04-09,Checkout opt-in — ticket purchase,Event marketing — Marathi and Indian-origin live entertainment,SYNTHETIC_SAMPLE
TKA-AU-00186,Arjun,Singh,arjunsingh@example.com,(02) 5550 4393,0491 570 676,63,NSW,Wentworthville,2145,125041589,Wentworthville - Westmead,Other Indian subcontinent,N,Y,E,2025-12-27,Partner promoter list — permission-based,Event marketing — Marathi and Indian-origin live entertainment,SYNTHETIC_SAMPLE
TKA-AU-00187,Sameer,Shirke,sameer.shirke20@example.com,(02) 5550 2185,0491 570 415,36,NSW,Epping,2121,126021723,Eastwood,Indian,Y,N,—,2025-07-10,Consent withdrawn — unsubscribe,Event marketing — Marathi and Indian-origin live entertainment,SYNTHETIC_SAMPLE
TKA-AU-00188,Vikrant,Phadke,vikrant.phadke@example.com,(03) 5550 8323,0491 578 308,24,VIC,Wyndham Vale,3024,213051590,Wyndham Vale - South,Indian,Y,Y,E,2025-04-30,Venue box office — printed consent form,Event marketing — Marathi and Indian-origin live entertainment,SYNTHETIC_SAMPLE
TKA-AU-00189,Chinmay,Deshpande,chinmay.deshpande@example.com,(03) 5550 4722,0491 573 451,37,VIC,Clayton,3168,212051568,Clayton - Central,Indian,Y,Y,M,2025-09-04,Event waitlist form,Event marketing — Marathi and Indian-origin live entertainment,SYNTHETIC_SAMPLE
TKA-AU-00190,Pooja,Shah,pooja.shah@example.com,(02) 5550 7593,0491 578 145,35,NSW,Schofields,2762,116021632,Schofields - East,Indian,N,Y,M,2026-08-02,Checkout opt-in — ticket purchase,Event marketing — Marathi and Indian-origin live entertainment,SYNTHETIC_SAMPLE
TKA-AU-00191,Aditya,Kale,adityakale@example.com,(03) 5550 1894,0491 570 363,50,TAS,Kingston,7050,601041023,Kingston Beach - Blackmans Bay,Indian,Y,Y,M,2026-06-05,Checkout opt-in — ticket purchase,Event marketing — Marathi and Indian-origin live entertainment,SYNTHETIC_SAMPLE
TKA-AU-00192,Ananya,Vaidya,ananyavaidya@example.com,(02) 5550 7312,0491 578 576,32,NSW,Epping,2121,126021723,Eastwood,Indian,Y,Y,E,2025-03-07,Event waitlist form,Event marketing — Marathi and Indian-origin live entertainment,SYNTHETIC_SAMPLE
TKA-AU-00193,Shreya,Kulkarni,shreyakulkarni@example.com,(03) 5550 3147,0491 571 294,31,VIC,Mickleham,3064,210051545,Roxburgh Park - North,Indian,Y,N,—,2025-09-26,Consent withdrawn — unsubscribe,Event marketing — Marathi and Indian-origin live entertainment,SYNTHETIC_SAMPLE
TKA-AU-00194,Charlotte,Thompson,charlottethompson@example.com,(02) 5550 5960,0491 579 472,43,NSW,Blacktown,2148,116031318,Prospect Reservoir,Other,N,Y,M,2026-03-12,Newsletter signup — website,Event marketing — Marathi and Indian-origin live entertainment,SYNTHETIC_SAMPLE
TKA-AU-00195,Ravi,Pillai,ravi_pillai@example.com,(02) 5550 9089,0491 579 306,27,NSW,Homebush,2140,120031680,Strathfield - East,Other Indian subcontinent,N,N,—,2025-10-21,Consent withdrawn — unsubscribe,Event marketing — Marathi and Indian-origin live entertainment,SYNTHETIC_SAMPLE
TKA-AU-00196,Yash,Bhosale,yashbhosale@example.com,(03) 5550 2269,0491 572 368,51,VIC,Berwick,3806,212021554,Berwick - South West,Indian,Y,N,—,2025-03-20,Consent withdrawn — unsubscribe,Event marketing — Marathi and Indian-origin live entertainment,SYNTHETIC_SAMPLE
TKA-AU-00197,Anushka,Dixit,anushka.dixit33@example.com,(02) 5550 7072,0491 577 729,35,NSW,Schofields,2762,116021632,Schofields - East,Indian,Y,Y,M,2025-05-08,Checkout opt-in — ticket purchase,Event marketing — Marathi and Indian-origin live entertainment,SYNTHETIC_SAMPLE
TKA-AU-00198,Sagar,More,sagar_more@example.com,(03) 5550 1460,0491 570 338,43,VIC,Clayton,3168,212051568,Clayton - Central,Indian,Y,Y,E,2025-07-12,Checkout opt-in — ticket purchase,Event marketing — Marathi and Indian-origin live entertainment,SYNTHETIC_SAMPLE
TKA-AU-00199,Neha,Phadke,nehaphadke@example.com,(08) 5550 7843,0491 573 708,48,SA,Golden Grove,5125,402051053,Modbury Heights,Indian,Y,Y,E,2025-11-06,Competition entry — presale ballot,Event marketing — Marathi and Indian-origin live entertainment,SYNTHETIC_SAMPLE
TKA-AU-00200,Anushka,Ranade,anushkaranade@example.com,(03) 5550 4417,0491 572 325,37,VIC,Tarneit,2150,213051588,Truganina - South West,Indian,Y,Y,E,2025-04-27,Competition entry — presale ballot,Event marketing — Marathi and Indian-origin live entertainment,SYNTHETIC_SAMPLE
TKA-AU-00201,Anjali,Patel,anjali.patel73@example.com,(03) 5550 2256,0491 578 553,48,VIC,Mount Waverley,3149,212051324,Mount Waverley - South,Indian,N,Y,M,2025-08-19,Checkout opt-in — ticket purchase,Event marketing — Marathi and Indian-origin live entertainment,SYNTHETIC_SAMPLE
TKA-AU-00202,Ninad,Jadhav,ninad.jadhav35@example.com,(03) 5550 8374,0491 573 207,66,TAS,Kingston,7050,601041023,Kingston Beach - Blackmans Bay,Indian,Y,Y,M,2025-12-21,Partner promoter list — permission-based,Event marketing — Marathi and Indian-origin live entertainment,SYNTHETIC_SAMPLE
TKA-AU-00203,Mrunal,More,mrunal.more@example.com,(07) 5550 2083,0491 570 645,21,QLD,Calamvale,4116,303051075,Parkinson - Drewvale,Indian,Y,Y,E,2025-04-01,Venue box office — printed consent form,Event marketing — Marathi and Indian-origin live entertainment,SYNTHETIC_SAMPLE
TKA-AU-00204,Pooja,Das,pooja.das47@example.com,(07) 5550 9119,0491 574 946,56,QLD,Springfield Lakes,4300,310041566,Bellbird Park,Other Indian subcontinent,N,Y,M,2025-10-22,Newsletter signup — website,Event marketing — Marathi and Indian-origin live entertainment,SYNTHETIC_SAMPLE
TKA-AU-00205,Vikrant,Bhosale,vikrant.bhosale41@example.com,(03) 5550 6357,0491 579 654,49,VIC,Rowville,3178,211011258,Rowville - South,Indian,Y,Y,E,2025-12-15,Partner promoter list — permission-based,Event marketing — Marathi and Indian-origin live entertainment,SYNTHETIC_SAMPLE
TKA-AU-00206,Pooja,Iyer,pooja.iyer75@example.com,(03) 5550 4209,0491 578 524,31,TAS,Kingston,7050,601041023,Kingston Beach - Blackmans Bay,Other Indian subcontinent,N,Y,M,2026-07-19,Partner promoter list — permission-based,Event marketing — Marathi and Indian-origin live entertainment,SYNTHETIC_SAMPLE
TKA-AU-00207,Anjali,Shah,anjali.shah@example.com,(03) 5550 8658,0491 578 808,38,VIC,Glen Waverley,3150,212051327,Wheelers Hill,Other Indian subcontinent,N,Y,E,2025-04-12,Competition entry — presale ballot,Event marketing — Marathi and Indian-origin live entertainment,SYNTHETIC_SAMPLE
TKA-AU-00208,Sunita,Mehta,sunita.mehta@example.com,(02) 5550 5835,0491 577 425,28,ACT,Harrison,2914,801041122,Throsby,Indian,N,Y,E,2025-12-30,Checkout opt-in — ticket purchase,Event marketing — Marathi and Indian-origin live entertainment,SYNTHETIC_SAMPLE
TKA-AU-00209,Devika,Chavan,devikachavan@example.com,(03) 5550 4231,0491 576 437,38,VIC,Werribee,3030,213051581,Point Cook - North West,Indian,Y,Y,E,2025-10-15,Venue box office — printed consent form,Event marketing — Marathi and Indian-origin live entertainment,SYNTHETIC_SAMPLE
TKA-AU-00210,Lucas,Anderson,lucas_anderson@example.com,(02) 5550 8246,0491 571 166,47,NSW,Epping,2121,126021723,Eastwood,Other,N,Y,E,2026-07-24,Event waitlist form,Event marketing — Marathi and Indian-origin live entertainment,SYNTHETIC_SAMPLE
TKA-AU-00211,Rohan,Naik,rohan.naik@example.com,(02) 5550 5001,0491 578 238,31,NSW,Strathfield,2135,120031681,Strathfield - West,Indian,Y,N,—,2025-06-01,Consent withdrawn — unsubscribe,Event marketing — Marathi and Indian-origin live entertainment,SYNTHETIC_SAMPLE
TKA-AU-00212,Rucha,Pawar,ruchapawar@example.com,(03) 5550 1838,0491 573 402,25,VIC,Doncaster East,3109,207021425,Doncaster East - South,Indian,Y,Y,E,2025-03-11,Newsletter signup — website,Event marketing — Marathi and Indian-origin live entertainment,SYNTHETIC_SAMPLE
TKA-AU-00213,Grace,Chen,grace.chen85@example.com,(02) 5550 7581,0491 575 936,39,NSW,Girraween,2145,125041589,Wentworthville - Westmead,Australian,N,Y,E,2025-12-19,Partner promoter list — permission-based,Event marketing — Marathi and Indian-origin live entertainment,SYNTHETIC_SAMPLE
TKA-AU-00214,Noah,Brown,noah.brown@example.com,(02) 5550 5194,0491 576 410,23,NSW,Rouse Hill,2155,116021632,Schofields - East,Australian,N,Y,E,2026-06-26,Newsletter signup — website,Event marketing — Marathi and Indian-origin live entertainment,SYNTHETIC_SAMPLE
TKA-AU-00215,Omkar,Joshi,omkar_joshi@example.com,(02) 5550 4158,0491 573 208,45,NSW,Quakers Hill,2763,116021631,Schofields (West) - Colebee,Indian,Y,Y,M,2026-05-13,Competition entry — presale ballot,Event marketing — Marathi and Indian-origin live entertainment,SYNTHETIC_SAMPLE
TKA-AU-00216,Ashwini,Kelkar,ashwini.kelkar@example.com,(02) 5550 1467,0491 574 718,40,NSW,Rouse Hill,2155,116021632,Schofields - East,Indian,Y,Y,E,2026-07-05,Competition entry — presale ballot,Event marketing — Marathi and Indian-origin live entertainment,SYNTHETIC_SAMPLE
TKA-AU-00217,Vikrant,Marathe,vikrant.marathe38@example.com,(03) 5550 7663,0491 579 624,32,VIC,Doncaster East,3109,207021425,Doncaster East - South,Indian,Y,Y,M,2026-06-07,Event waitlist form,Event marketing — Marathi and Indian-origin live entertainment,SYNTHETIC_SAMPLE
TKA-AU-00218,Sayali,Apte,sayaliapte@example.com,(02) 5550 6191,0491 578 146,25,NSW,Westmead,2145,125041589,Wentworthville - Westmead,Indian,Y,Y,M,2025-07-10,Competition entry — presale ballot,Event marketing — Marathi and Indian-origin live entertainment,SYNTHETIC_SAMPLE
TKA-AU-00219,Rucha,Bhosale,ruchabhosale@example.com,(03) 5550 7093,0491 574 676,31,VIC,Mickleham,3064,210051545,Roxburgh Park - North,Indian,Y,Y,E,2026-02-22,Partner promoter list — permission-based,Event marketing — Marathi and Indian-origin live entertainment,SYNTHETIC_SAMPLE
TKA-AU-00220,Rucha,More,rucha.more@example.com,(02) 5550 2459,0491 571 745,35,NSW,Strathfield,2135,120031681,Strathfield - West,Indian,Y,Y,E,2025-07-30,Checkout opt-in — ticket purchase,Event marketing — Marathi and Indian-origin live entertainment,SYNTHETIC_SAMPLE
TKA-AU-00221,Ninad,Sawant,ninad.sawant56@example.com,(03) 5550 1967,0491 575 616,32,VIC,Doncaster East,3109,207021425,Doncaster East - South,Indian,Y,Y,E,2026-04-05,Competition entry — presale ballot,Event marketing — Marathi and Indian-origin live entertainment,SYNTHETIC_SAMPLE
TKA-AU-00222,Rahul,Sethi,rahul_sethi@example.com,(02) 5550 7066,0491 571 350,54,NSW,Glenwood,2768,116021633,Stanhope Gardens - Parklea,Other Indian subcontinent,N,Y,M,2026-06-04,Competition entry — presale ballot,Event marketing — Marathi and Indian-origin live entertainment,SYNTHETIC_SAMPLE
TKA-AU-00223,Ishaan,Pawar,ishaan_pawar@example.com,(03) 5550 9787,0491 575 956,29,VIC,Berwick,3806,212021554,Berwick - South West,Indian,Y,N,—,2025-05-20,Consent withdrawn — unsubscribe,Event marketing — Marathi and Indian-origin live entertainment,SYNTHETIC_SAMPLE
TKA-AU-00224,Sneha,Sawant,sneha.sawant@example.com,(03) 5550 8500,0491 572 483,45,VIC,Doncaster East,3109,207021425,Doncaster East - South,Indian,Y,Y,E,2025-09-13,Venue box office — printed consent form,Event marketing — Marathi and Indian-origin live entertainment,SYNTHETIC_SAMPLE
TKA-AU-00225,Tejas,Athavale,tejas_athavale@example.com,(02) 5550 6068,0491 575 122,23,NSW,Rouse Hill,2155,116021632,Schofields - East,Indian,Y,N,—,2026-06-15,Consent withdrawn — unsubscribe,Event marketing — Marathi and Indian-origin live entertainment,SYNTHETIC_SAMPLE
TKA-AU-00226,Pooja,Singh,poojasingh@example.com,(02) 5550 7433,0491 571 840,19,NSW,Homebush,2140,120031680,Strathfield - East,Other Indian subcontinent,N,Y,M,2025-09-19,Checkout opt-in — ticket purchase,Event marketing — Marathi and Indian-origin live entertainment,SYNTHETIC_SAMPLE
TKA-AU-00227,Ishaan,Chavan,ishaan_chavan@example.com,(08) 5550 3104,0491 572 151,59,SA,Golden Grove,5125,402051053,Modbury Heights,Indian,Y,Y,E,2026-07-30,Partner promoter list — permission-based,Event marketing — Marathi and Indian-origin live entertainment,SYNTHETIC_SAMPLE
TKA-AU-00228,Meera,Patil,meerapatil@example.com,(02) 5550 4713,0491 573 119,40,NSW,Strathfield,2135,120031681,Strathfield - West,Indian,Y,Y,E,2025-10-06,Competition entry — presale ballot,Event marketing — Marathi and Indian-origin live entertainment,SYNTHETIC_SAMPLE
TKA-AU-00229,Ishaan,Chavan,ishaan_chavan@example.com,(02) 5550 2846,0491 578 136,31,NSW,Westmead,2145,125041589,Wentworthville - Westmead,Indian,Y,Y,E,2026-03-11,Event waitlist form,Event marketing — Marathi and Indian-origin live entertainment,SYNTHETIC_SAMPLE
TKA-AU-00230,Kiran,Sethi,kiran.sethi63@example.com,(03) 5550 6166,0491 573 366,30,VIC,Craigieburn,3064,210051545,Roxburgh Park - North,Indian,N,N,—,2025-12-13,Consent withdrawn — unsubscribe,Event marketing — Marathi and Indian-origin live entertainment,SYNTHETIC_SAMPLE
TKA-AU-00231,Anjali,Patel,anjali.patel43@example.com,(02) 5550 9709,0491 576 731,37,NSW,Castle Hill,2154,115011557,Castle Hill - West,Indian,N,Y,M,2025-07-03,Newsletter signup — website,Event marketing — Marathi and Indian-origin live entertainment,SYNTHETIC_SAMPLE
TKA-AU-00232,Tanvi,Lele,tanvi.lele5@example.com,(03) 5550 2132,0491 578 617,33,VIC,Craigieburn,3064,210051545,Roxburgh Park - North,Indian,Y,Y,E,2025-09-16,Checkout opt-in — ticket purchase,Event marketing — Marathi and Indian-origin live entertainment,SYNTHETIC_SAMPLE
TKA-AU-00233,Rucha,More,ruchamore@example.com,(02) 5550 3342,0491 574 182,21,NSW,Wentworthville,2145,125041589,Wentworthville - Westmead,Indian,Y,Y,E,2025-05-03,Event waitlist form,Event marketing — Marathi and Indian-origin live entertainment,SYNTHETIC_SAMPLE
TKA-AU-00234,Sayali,Athavale,sayali.athavale50@example.com,(02) 5550 2915,0491 576 975,25,NSW,Wentworthville,2145,125041589,Wentworthville - Westmead,Indian,Y,N,—,2025-03-15,Consent withdrawn — unsubscribe,Event marketing — Marathi and Indian-origin live entertainment,SYNTHETIC_SAMPLE
TKA-AU-00235,Nisha,Reddy,nisha_reddy@example.com,(03) 5550 9188,0491 574 192,33,VIC,Craigieburn,3064,210051545,Roxburgh Park - North,Indian,N,Y,E,2025-09-13,Venue box office — printed consent form,Event marketing — Marathi and Indian-origin live entertainment,SYNTHETIC_SAMPLE
TKA-AU-00236,Ananya,Kulkarni,ananya_kulkarni@example.com,(02) 5550 7672,0491 572 189,40,NSW,Parramatta,2150,125041719,Rosehill - Harris Park,Indian,Y,Y,M,2026-06-16,Checkout opt-in — ticket purchase,Event marketing — Marathi and Indian-origin live entertainment,SYNTHETIC_SAMPLE
TKA-AU-00237,Emma,Anderson,emma.anderson35@example.com,(02) 5550 7538,0491 571 996,26,NSW,Castle Hill,2154,115011557,Castle Hill - West,Other,N,Y,E,2026-01-28,Checkout opt-in — ticket purchase,Event marketing — Marathi and Indian-origin live entertainment,SYNTHETIC_SAMPLE
TKA-AU-00238,Rohan,Kulkarni,rohan_kulkarni@example.com,(03) 5550 6496,0491 573 533,54,VIC,Point Cook,3030,213051581,Point Cook - North West,Indian,Y,Y,E,2026-04-03,Newsletter signup — website,Event marketing — Marathi and Indian-origin live entertainment,SYNTHETIC_SAMPLE
TKA-AU-00239,Sagar,Kale,sagar_kale@example.com,(02) 5550 1459,0491 572 406,44,NSW,Castle Hill,2154,115011557,Castle Hill - West,Indian,Y,N,—,2025-07-11,Consent withdrawn — unsubscribe,Event marketing — Marathi and Indian-origin live entertainment,SYNTHETIC_SAMPLE
TKA-AU-00240,Priya,Gadre,priya.gadre61@example.com,(02) 5550 4526,0491 572 537,42,NSW,Kellyville,2155,116021632,Schofields - East,Indian,Y,Y,E,2025-07-17,Partner promoter list — permission-based,Event marketing — Marathi and Indian-origin live entertainment,SYNTHETIC_SAMPLE
TKA-AU-00241,Noah,Chen,noah.chen62@example.com,,0491 576 881,79,NSW,Kellyville,2155,116021632,Schofields - East,Australian,N,Y,M,2026-07-14,Checkout opt-in — ticket purchase,Event marketing — Marathi and Indian-origin live entertainment,SYNTHETIC_SAMPLE
