# SYNTHETIC SAMPLE - mirrors Dun & Bradstreet (D&B) published data specification for prototype purposes; NOT vendor data
duns_number,company_name,trading_name,address,city,state,country,sic_code,sic_description,employees_total,annual_revenue_usd,dnb_rating,years_in_business,source_url,data_status
800000101,Bluegum Stagecraft Pty Ltd,Bluegum Stagecraft,88 Collins St,Melbourne,VIC,Australia,7922,Theatrical Producers (except Motion Picture) and Misc. Theatrical Services,34,4200000,3A2,6,https://www.dnb.com/en-us/smb/duns/duns-lookup.html,SYNTHETIC_SAMPLE
800000102,Crescent Moon Productions Pty Ltd,Crescent Moon Productions,210 George St,Sydney,NSW,Australia,7922,Theatrical Producers (except Motion Picture) and Misc. Theatrical Services,51,7800000,2A3,9,https://www.dnb.com/en-us/smb/duns/duns-lookup.html,SYNTHETIC_SAMPLE
800000103,Windrose Diaspora Media Pty Ltd,Windrose Media,45 Swanston St,Melbourne,VIC,Australia,2721,"Periodicals: Publishing, or Publishing and Printing",12,950000,4A1,4,https://www.dnb.com/en-us/smb/duns/duns-lookup.html,SYNTHETIC_SAMPLE
800000104,Meridian Cultural Events Pty Ltd,Meridian Events,12 Pitt St,Sydney,NSW,Australia,7999,"Services-Amusement & Recreation Services, NEC",8,620000,5A2,3,https://www.dnb.com/en-us/smb/duns/duns-lookup.html,SYNTHETIC_SAMPLE
800000105,Silverleaf Live Entertainment Pty Ltd,Silverleaf Live,300 Adelaide St,Brisbane,QLD,Australia,7922,Theatrical Producers (except Motion Picture) and Misc. Theatrical Services,22,3100000,3A1,5,https://www.dnb.com/en-us/smb/duns/duns-lookup.html,SYNTHETIC_SAMPLE
800000106,Harborview Ticketing Solutions Pty Ltd,Harborview Ticketing,55 Market St,Perth,WA,Australia,7389,"Services-Computer Programming, Data Processing, Etc.",17,2400000,3A3,4,https://www.dnb.com/en-us/smb/duns/duns-lookup.html,SYNTHETIC_SAMPLE
800000107,Amber Fields Hospitality Group Pty Ltd,Amber Fields Events,5 King William St,Adelaide,SA,Australia,5812,Eating and Drinking Places (event venue F&B),64,9100000,2A2,11,https://www.dnb.com/en-us/smb/duns/duns-lookup.html,SYNTHETIC_SAMPLE
800000108,Konkani Kala Foundation Ltd,Konkani Kala Foundation,8 Elizabeth St,Melbourne,VIC,Australia,8641,"Civic, Social, and Fraternal Associations",5,310000,N/A - nonprofit,7,https://www.dnb.com/en-us/smb/duns/duns-lookup.html,SYNTHETIC_SAMPLE
800000109,TixMandal Pty Ltd,TixMandal,88 Bourke St,Melbourne,VIC,Australia,7389,"Services-Computer Programming, Data Processing, Etc.",9,480000,4A2,2,https://www.dnb.com/en-us/smb/duns/duns-lookup.html,SYNTHETIC_SAMPLE
